date,year,month,week,quarter,season,holiday,promotion,discount,tv_spend,radio_spend,search_spend,facebook_spend,instagram_spend,youtube_spend,display_spend,email_spend,affiliate_spend,competitor_spend,price,inflation,consumer_confidence,sales,revenue,orders,profit,trend,tv_spend_adstock,radio_spend_adstock,search_spend_adstock,facebook_spend_adstock,instagram_spend_adstock,youtube_spend_adstock,display_spend_adstock,email_spend_adstock,affiliate_spend_adstock,tv_spend_hill,radio_spend_hill,search_spend_hill,facebook_spend_hill,instagram_spend_hill,youtube_spend_hill,display_spend_hill,email_spend_hill,affiliate_spend_hill
2022-01-02,2022,1,52,1,Winter,0,0,0,806350.61,103560.89,424653.36,309680.61,176668.32,361123.18,229709.65,73116.92,148057.14,1243337.37,517.14,5.2,106.5,10365,5360156.1,9783,2043356.1,0,806350.61,103560.89,424653.36,309680.61,176668.32,361123.18,229709.65,73116.92,148057.14,0.2827112118152117,0.2005741877140809,0.289121848112177,0.3172352837695527,0.19742599561827964,0.20551624863269755,0.4746283706715355,0.41473586255775957,0.44165937262259874
2022-01-09,2022,1,1,1,Winter,0,0,0,757060.16,221065.05,568471.47,250569.71,281734.59,342843.32,136190.37,99891.51,107788.05,1130510.36,496.62,5.43,99.07,11862,5890906.44,11023,2095066.44,1,1402140.65,272845.5,695867.48,436378.08,378902.17,595629.55,228074.23,114514.89,159608.05,0.4747221923504072,0.46920407941824077,0.4973355324103859,0.445774476545914,0.4358666513033343,0.37719109773461706,0.47249087578217397,0.5372031499930472,0.46399172676802525
2022-01-16,2022,1,2,1,Winter,0,0,0,935207.83,137053.08,521000.87,248262.01,353750.73,385936.58,143113.99,100843.09,89127.15,1123398.74,484.32,5.95,110.26,12890,6242884.8,12213,2118084.8,2,2056920.35,273475.83,729761.11,510088.86,562146.92,802877.26,234343.68,123746.07,144989.97,0.6162395340494483,0.4699512547310108,0.5187278392199124,0.5079900587361456,0.5826772395257,0.5015257974495637,0.4806080831794294,0.5583251702787444,0.43547414947810104
2022-01-23,2022,1,3,1,Winter,0,0,0,846544.28,123074.03,444028.38,302321.92,301801.69,386559.1,230047.55,65601.85,142244.54,1042635.27,512.17,5.55,104.09,11438,5858200.46,10155,2198040.46,3,2492080.56,259811.94,662956.71,608375.23,610982.5,948573.18,323785.02,90351.06,192991.03,0.6816748043580213,0.4533927630378644,0.4755527213494922,0.5778354558165718,0.6127131150449469,0.5718958189901742,0.5769688912742269,0.472125386711585,0.5208938835621334
2022-01-30,2022,1,4,1,Winter,0,0,0,822037.74,163599.98,516013.74,377785.27,253559.67,401853.71,110113.07,104012.38,86486.2,1292771.99,477.16,4.94,87.38,12114,5780316.24,11202,1903836.24,4,2815702.19,293505.95,714900.75,742810.41,589600.04,1065854.94,239627.08,122082.59,154033.06,0.7200319007716208,0.4928879967154681,0.5094773888038047,0.6532446876715834,0.5999592307048051,0.6195798627493848,0.4872896280450368,0.5546508799366905,0.45339876581240285
2022-02-06,2022,2,5,1,Winter,0,0,0,835869.08,239990.93,489736.32,390815.64,302475.61,431696.66,201023.1,70567.65,105777.92,1305865.89,540.3,5.69,109.0,12834,6934210.2,11808,2827330.2,5,3088430.83,386743.91,704206.55,836501.89,626755.63,1177795.12,296873.93,94984.17,159689.49,0.7471174117818953,0.5818017979095527,0.5026960917054575,0.6949561239212131,0.6217455258912775,0.6587073625051783,0.551372074784438,0.48585229404993446,0.4641439723619892
2022-02-13,2022,2,6,1,Winter,0,0,0,857583.16,174706.62,477441.44,419021.77,354540.18,399542.97,187208.94,130500.62,128079.17,1094513.89,531.65,5.13,96.17,13005,6914108.25,12179,2752508.25,6,3328327.82,368078.57,688703.4,920922.9,699255.78,1223999.55,305958.51,149497.45,183970.49,0.7677246056962057,0.5660782570694666,0.49267918715542147,0.7265580739990413,0.659519463751836,0.6732572915622691,0.560301632310493,0.6088117166869664,0.5065451801327557
2022-02-20,2022,2,7,1,Winter,0,0,0,853634.97,141959.05,502866.3,350428.65,353789.55,444235.78,168581.94,64513.62,193928.0,1135207.86,510.27,4.64,94.83,13134,6701886.18,12119,2499006.18,7,3516297.23,325998.34,709477.32,902982.39,738380.23,1301035.47,290965.35,94413.11,258317.67,0.7820946724940224,0.5269844452204767,0.506051392202565,0.7202600538861897,0.6776115467714862,0.6956602723232855,0.5453976111262142,0.48419544931166575,0.6067043311727425
2022-02-27,2022,2,8,1,Winter,0,0,0,773318.09,126843.78,468004.22,383090.13,238048.59,477052.95,184355.89,91179.13,105127.07,1192405.31,508.59,6.1,102.62,11417,5806572.03,10541,2153132.03,8,3586355.87,289842.95,680847.42,924879.56,644157.72,1387777.78,300742.03,110061.75,195538.26,0.7870957298646668,0.4888078136018279,0.48751864541297557,0.7279187461244736,0.6313572921327593,0.7183800762812167,0.5552115221075996,0.5263402237551513,0.5248193486628935
2022-03-06,2022,3,9,1,Spring,0,1,15,996509.61,176579.17,510325.63,410019.65,324897.16,459486.0,178505.52,71784.77,119486.93,1472503.83,507.65,5.68,91.31,13789,6999985.85,12608,2587505.85,9,3865594.31,321500.64,714579.85,964947.39,679183.9,1430930.44,298802.33,93797.12,187925.32,0.8053345745927074,0.5224803781991199,0.5092754214348781,0.7411481741260396,0.6496421293549357,0.7287908210902256,0.5532931977568151,0.48239736833889296,0.5129234606427717
2022-03-13,2022,3,10,1,Spring,0,0,0,856146.61,93321.51,497776.67,319074.97,272232.23,386474.24,234509.16,140028.42,143260.67,1265414.61,490.22,5.47,96.52,11957,5861560.54,10818,2035320.54,10,3948622.06,254071.83,712150.63,898043.4,645783.38,1388125.55,354030.09,158787.84,209034.53,0.8102833482328108,0.44620524869982364,0.5077434816716222,0.7184885155399771,0.6322368127492868,0.7184662438717706,0.6028861098869811,0.6244872913838714,0.5447427753465576
2022-03-20,2022,3,11,1,Spring,0,0,0,840067.1,111673.4,549791.05,345827.95,311895.42,384042.89,240694.52,52847.81,81798.35,1086790.14,505.95,5.36,107.79,12589,6369404.55,11564,2340924.55,11,3998964.75,238709.32,763436.24,884653.99,667076.28,1355730.78,382306.56,84605.38,154960.44,0.8131873997828042,0.42626738014555465,0.5389580487278435,0.7136017272187002,0.6434764720456009,0.7102756351404936,0.6247394875763156,0.454156721002748,0.45518449582103926
2022-03-27,2022,3,12,1,Spring,0,1,37,928684.09,216781.56,501174.74,370545.99,308148.6,414326.73,178409.36,102473.93,139730.3,1236453.64,481.54,6.06,102.78,13613,6555204.02,12108,2199044.02,12,4127855.89,336136.22,730205.61,901338.39,675040.55,1363338.27,331331.98,119395.01,193966.45,0.8203085760944515,0.536896365356574,0.5190014622591084,0.7196722118148848,0.6475501205316232,0.7122292638575053,0.5837026488115351,0.5485946088801007,0.5224034955201645
2022-04-03,2022,4,13,2,Spring,0,0,0,752302.03,190682.47,429890.41,272793.18,158812.55,361843.95,190684.74,63643.1,151383.09,1034797.02,510.08,6.73,104.06,11236,5731258.88,10752,2135738.88,13,4054586.74,358750.58,648952.09,813596.21,530084.85,1316180.74,323217.53,87522.1,219271.35,0.8163146273864761,0.5578641736094962,0.46597800440768755,0.6854580270247242,0.5611139662088748,0.6998097592006551,0.5764550150926419,0.4634138224646529,0.5589307728534327
2022-04-10,2022,4,14,2,Spring,0,0,0,748357.75,133908.8,355700.74,363492.1,243905.56,334378.64,140441.62,72139.52,104985.15,1286158.84,517.36,5.68,96.72,10384,5372266.24,9731,2049386.24,14,3992027.14,313284.09,550386.37,851649.83,535452.23,1255705.16,269728.63,89643.94,181730.12,0.8127914122447949,0.514077858686276,0.3934513143891967,0.7010091049830257,0.5648319918447919,0.6827480040977136,0.5227708762167204,0.46997191879542516,0.5028697320452332
2022-04-17,2022,4,15,2,Spring,0,1,37,855499.38,128991.81,568490.76,309217.47,282465.75,388242.96,224622.98,97681.72,154320.11,1401065.69,492.44,5.09,92.31,12860,6332778.4,12297,2217578.4,15,4049121.09,285633.85,733606.67,820207.37,576964.48,1267236.57,332514.43,115610.51,217925.65,0.81601103602003,0.4840570945136898,0.5210891857438841,0.6882431341292569,0.5921353069498922,0.6861044650408342,0.5847410523376632,0.5398061677640105,0.5571088264292916
2022-04-24,2022,4,16,2,Spring,0,0,0,749924.83,131429.43,430325.03,280134.99,183100.34,332865.57,207463.57,109534.23,123199.56,1401575.0,488.1,5.44,103.53,10056,4908333.6,9032,1690413.6,16,3989221.7,274246.36,650407.03,772259.41,500430.8,1219931.17,340469.34,132656.33,199473.54,0.8126309031995534,0.47086246525273173,0.46698123809472897,0.6671981631289847,0.5397490976787105,0.6720109879961675,0.5916128890753654,0.5770929118979786,0.5307784590916639
2022-05-01,2022,5,17,2,Spring,0,0,0,757987.05,209128.52,465061.4,230124.76,268356.79,333652.54,165513.56,118555.53,93800.95,1288187.22,475.75,5.67,104.65,11098,5279873.5,10547,1728513.5,17,3949364.41,346251.7,660183.51,693480.41,543593.73,1187604.36,301701.3,145086.8,163616.69,0.8103266911312262,0.5464651791370739,0.473671253503139,0.6279386775879844,0.5703873855725984,0.6618700317604191,0.556155052987473,0.6009387729831996,0.47140212151051725
2022-05-08,2022,5,18,2,Spring,0,1,21,792162.08,152335.43,562572.28,254166.84,188917.36,384185.04,187988.23,45118.45,121286.16,1129990.52,529.16,4.56,104.42,11843,6266841.88,11188,2477081.88,18,3951653.61,325461.28,760627.33,670255.08,487893.91,1215508.09,308668.75,74135.81,178552.0,0.8104602495164618,0.5264501184605442,0.5373089607690528,0.6151187308793137,0.5302817950013129,0.6706485313184238,0.5629072195116095,0.41843561550071046,0.49757692629851485
2022-05-15,2022,5,19,2,Spring,0,1,21,779869.12,170918.5,487882.25,193143.17,217820.22,323836.55,183845.85,89568.24,118186.76,1043891.79,489.69,5.63,101.05,11158,5463961.02,10423,1893401.02,19,3941192.01,333649.14,716070.45,595296.22,486161.87,1174692.21,307313.35,104395.4,180679.96,0.8098486685922162,0.5344950485662368,0.510212778794915,0.5693308718789043,0.5289528437710891,0.6576984605207896,0.5616074538032344,0.5118270359338376,0.5011311296234439
2022-05-22,2022,5,20,2,Spring,0,0,0,800001.0,122553.67,434701.07,257452.12,291521.99,254340.13,123398.67,112487.62,119951.5,1031975.39,496.03,5.67,95.16,10429,5173096.87,9699,1835816.87,20,3952954.61,289378.24,649522.2,614629.85,558911.02,1076624.68,246324.01,133366.7,183189.49,0.8105360869540883,0.4882865912068413,0.46637135124247175,0.5818224888985841,0.5805700774420016,0.6235999423274238,0.49555617658912987,0.5785260297218588,0.5052690741514846
2022-05-29,2022,5,21,2,Spring,0,0,0,786617.42,135808.55,510052.88,356406.54,190109.07,276239.0,218564.3,33610.51,129763.35,863253.95,506.0,6.03,112.19,11292,5713752.0,10223,2100312.0,21,3948981.11,280497.67,704909.54,725184.45,497510.13,1029876.28,317093.9,60283.85,193879.67,0.8103043137154253,0.4781683464889298,0.5031450748854313,0.6444906352368661,0.537567194235147,0.6057279466807426,0.5708412938782276,0.3643075288100703,0.5222695143175138
2022-06-05,2022,6,22,2,Summer,0,0,0,617739.46,161570.05,470329.94,219021.84,255807.99,314445.12,149938.27,83576.6,145186.99,1283262.69,505.64,5.99,102.4,10319,5217699.16,9755,1915619.16,22,3776924.34,301818.88,681802.8,654132.51,529438.56,1035358.51,276775.83,95633.37,213044.87,0.7998196181285585,0.5019644938958587,0.48814927897143734,0.6058552707675825,0.5606632642160794,0.6078813441277049,0.5304862313610926,0.4877241661812465,0.550392118850149
2022-06-12,2022,6,23,2,Summer,0,0,0,829869.84,149426.71,479911.82,384877.2,152569.78,311489.78,151400.1,75872.09,144699.93,1187659.74,514.93,5.54,99.13,11288,5812529.84,10386,2200369.84,23,3851409.32,300336.15,684452.66,777356.71,443760.99,1036240.74,262110.43,94998.76,219265.64,0.8044686142591165,0.5003639585659531,0.489893992819913,0.669531301547013,0.49476463780917607,0.6082264270202931,0.514187686059532,0.4858944983390465,0.5589230690233019
2022-06-19,2022,6,24,2,Summer,0,1,29,944048.89,97140.19,425199.7,354624.22,347992.51,337320.37,185782.11,93120.18,67353.82,1309105.94,492.41,6.11,99.15,12479,6144784.39,11052,2151504.39,24,4025176.34,247308.27,630535.5,821038.24,592061.05,1062688.89,290626.28,112119.93,144096.79,0.814671557535741,0.43755500540383285,0.4531083113902509,0.6885906182137577,0.6014578653023783,0.618387146895767,0.5450506706493291,0.5314182527675273,0.43365210116799674
2022-06-26,2022,6,25,2,Summer,0,0,0,852121.09,202902.31,516212.99,265068.1,224720.55,275578.0,207797.82,57688.04,128306.56,1371363.78,477.23,6.31,100.75,11073,5284367.79,10021,1741007.79,25,4072262.16,326556.44,705373.64,757691.05,550354.13,1019460.22,324048.33,80112.03,178740.44,0.8172909755062945,0.5275387077027177,0.5034412365993362,0.6603979662558828,0.5749244056341271,0.6015933813497821,0.5772069627587428,0.4393209075235164,0.49789336648637295
2022-07-03,2022,7,26,3,Summer,0,0,0,799348.29,142647.74,482788.56,296269.47,247876.15,332683.55,162470.87,41922.37,85680.63,1211988.67,473.73,5.51,105.35,11326,5365465.98,10814,1741145.98,26,4057158.02,305925.96,694400.65,750884.1,550570.92,1046305.7,292090.2,57944.78,148239.78,0.8164571743163752,0.5063568645624852,0.4963860069011909,0.6571522244200885,0.5750687701414416,0.6121350038738776,0.5465453665408975,0.35428703335094053,0.4420242140490864
2022-07-10,2022,7,27,3,Summer,0,0,0,795137.16,243315.72,407594.76,301563.73,257653.53,351756.18,124047.35,30943.86,121684.19,1217515.39,488.41,5.67,100.95,11065,5404256.65,10490,1863456.65,27,4040863.58,396278.7,615914.96,752094.19,560467.54,1084170.17,240883.43,42532.82,173568.11,0.8155508528442662,0.5894847712403178,0.4426661446789754,0.6577324626100784,0.5815855466093017,0.6263826551890453,0.48885750678000167,0.28082286569097914,0.4890857048950534
2022-07-17,2022,7,28,3,Summer,0,0,0,884408.22,197496.78,493851.87,387003.16,283536.56,306220.94,158405.89,104237.97,124601.5,1144281.56,480.96,4.79,104.29,12454,5989875.84,11938,2004595.84,28,4117099.08,395636.13,678626.36,838259.67,591793.71,1065140.06,254759.26,112744.53,185350.34,0.8197309250488228,0.5889741497252466,0.4860492844100795,0.6956676596050491,0.6012954615469606,0.6193109882388318,0.5056571894620576,0.5329396480557879,0.5087863693404342
2022-07-24,2022,7,29,3,Summer,0,1,39,897322.15,190503.15,417030.07,374604.46,214733.67,371346.07,214418.66,114936.71,165098.52,1158469.87,493.93,4.92,100.76,12605,6225987.65,11726,2192387.65,29,4191001.42,388321.22,620617.98,877560.26,540220.21,1116944.11,316322.37,137485.62,229971.14,0.8236408306854361,0.5830886276188962,0.44604680660199014,0.7109618413400003,0.568097675275605,0.6381533376927074,0.570124988837535,0.5866622118431657,0.5729742268420047
2022-07-31,2022,7,30,3,Summer,0,1,39,959259.6,204311.93,616066.3,411160.28,289757.36,458391.49,269423.61,96009.73,132567.5,1287416.39,526.15,5.16,99.44,14615,7689682.25,13151,3012882.25,30,4312060.73,398472.54,802251.69,937696.44,586878.47,1240252.37,395952.56,123506.85,213057.4,0.8297598471343562,0.5912204500262969,0.5610478268859499,0.732257999400301,0.5982924319411994,0.6781710477022838,0.6345531469553723,0.557800214783797,0.5504095832249106
2022-08-07,2022,8,31,3,Summer,0,1,20,949707.26,184350.72,460905.42,386433.03,266952.08,376658.22,167623.63,76145.74,138904.4,1179075.0,492.45,5.32,103.21,13048,6425487.6,11652,2250127.6,31,4399355.85,383586.99,701580.93,949050.89,589735.24,1244834.88,326004.65,100847.11,213474.49,0.8339645445819251,0.5792070579053369,0.5010151648170119,0.7360166908039794,0.6000417720831013,0.6795378926778218,0.5789686105313187,0.5023197242909655,0.55099026889307
2022-08-14,2022,8,32,3,Summer,0,0,0,952706.33,156690.0,545843.64,349689.97,206576.76,329116.11,153383.88,43481.98,143218.44,1161719.08,492.45,5.06,103.02,11878,5849321.1,10630,2048361.1,32,4472191.01,348483.49,756317.92,919120.51,530931.14,1200500.52,283785.74,63651.4,217934.51,0.8373470743250443,0.5485344196080452,0.5347654785557326,0.7259348926840848,0.5617031594466073,0.6659668390930824,0.5379544268551026,0.3782638702430061,0.5571208638556725
2022-08-21,2022,8,33,3,Summer,0,0,0,872718.0,177072.64,434668.76,370813.45,332188.59,450191.78,147663.76,98958.96,154618.5,1197801.98,499.67,5.49,99.15,12473,6232383.91,10996,2241023.91,33,4450470.81,351314.39,661564.14,922285.75,624200.72,1290542.15,261178.06,111689.24,230895.58,0.8363499984806907,0.551137757318383,0.4746088328351449,0.7270278881689551,0.6203034943048744,0.692737800369797,0.5131194316649896,0.5303638923711856,0.5741516999530393
2022-08-28,2022,8,34,3,Summer,0,0,0,865822.47,195668.21,493677.9,342411.83,276012.42,452769.05,144171.65,57994.85,113088.23,1306359.62,491.89,5.33,96.25,12737,6265202.93,11607,2189362.93,34,4426199.11,371325.4,692147.14,895783.28,619322.82,1356148.55,248642.87,80332.7,193901.68,0.8352241654089718,0.5688805244241985,0.49492337707104744,0.7176723103956909,0.6175279162011771,0.7103834081243184,0.4983670134191283,0.4400663539555765,0.5223035019317677
2022-09-04,2022,9,35,3,Monsoon,0,0,0,898298.43,142470.0,424126.84,298843.57,305626.37,405918.24,229137.74,68164.32,119341.51,1116880.61,498.65,5.93,101.71,11891,5929447.15,10646,2124327.15,35,4439257.72,328132.7,631770.98,836313.54,646253.92,1355222.23,328594.89,84230.86,187207.1,0.8358314194422298,0.5290986595418606,0.45398158072660993,0.6948797372159067,0.632490809418175,0.7101443665680028,0.581281838707488,0.45294721386163467,0.5117754141660527
2022-09-11,2022,9,36,3,Monsoon,0,0,0,963677.29,130544.28,506483.09,385139.14,304307.11,424232.15,236984.78,71489.86,117337.41,1192016.58,510.82,5.31,100.39,13061,6671820.02,11924,2492300.02,36,4515083.47,294610.63,696014.38,886927.26,659746.77,1372887.71,368422.74,88336.03,182859.89,0.8392877138689576,0.4941087089028361,0.4974305163182155,0.7144401925119152,0.6396655296085534,0.714655179311059,0.6142764460307305,0.46594671589946224,0.5047288730826718
2022-09-18,2022,9,37,3,Monsoon,0,0,0,855548.97,133474.52,447463.85,285870.49,281246.12,388679.29,196187.06,81189.3,102024.09,1229433.34,517.7,4.59,97.23,11571,5990306.7,11048,2287586.7,37,4467615.74,280779.84,656268.17,818026.85,644106.84,1349700.69,343556.15,98856.51,166025.05,0.8371378548096403,0.4784945060816752,0.4710027000917361,0.687328515758966,0.6313297148859919,0.7087136771327618,0.5942270150536144,0.4968373273559253,0.4757735343749413
2022-09-25,2022,9,38,3,Monsoon,0,0,0,813032.11,173272.0,475808.14,326528.53,383906.82,434987.93,175141.13,66894.68,97127.49,1339226.63,520.06,5.55,95.79,12333,6413899.98,11278,2467339.98,38,4387124.7,313661.92,672688.59,817344.64,738165.58,1379778.41,312563.59,86665.98,155236.26,0.8333854789463784,0.5144692630065155,0.48209863051777835,0.6870415613834094,0.6775162673445593,0.7163876298061058,0.5666058748845771,0.46072615923789,0.4557137669788065
2022-10-02,2022,10,39,4,Monsoon,1,0,0,977971.94,208177.72,520151.94,354570.95,327816.66,522461.58,267928.71,98232.98,72403.54,1321284.39,541.14,5.49,102.05,13798,7466649.72,13111,3051289.72,39,4487671.7,365008.68,721958.52,844977.73,733807.73,1488306.47,392954.15,115566.18,126736.23,0.8380517971252857,0.5634019299563217,0.5138957286199004,0.6983648454065531,0.6755726766432498,0.7417971155395143,0.6324352673022112,0.5397013675187221,0.3962730280589709
2022-10-09,2022,10,40,4,Monsoon,1,0,0,952245.03,166100.5,455957.93,386861.38,256087.65,457033.83,217249.14,81183.36,110861.46,1263861.19,511.39,5.16,102.75,13054,6675685.06,12120,2498405.06,40,4542382.39,348604.84,672545.49,893848.02,659681.9,1498848.36,374430.8,104296.6,155219.14,0.8405035863471353,0.5486465037838549,0.4820030159095942,0.7169706412498994,0.6396315321118904,0.7440886389953527,0.6188654231181824,0.511566794697446,0.4556809398623108
2022-10-16,2022,10,41,4,Monsoon,1,0,0,851119.53,171343.01,538921.73,412364.18,303465.58,498444.51,242489.91,113434.68,92403.53,1291876.69,544.69,5.54,98.2,12890,7021054.1,11598,2896254.1,41,4485025.44,345645.43,740685.38,948672.99,666290.63,1547638.36,392262.23,134294.0,146730.23,0.8379316792468068,0.5459004802561562,0.5254011390034111,0.7358928615399979,0.6430708405579352,0.7543197134422269,0.6319435117244635,0.5803833712819044,0.4389970811642278
2022-10-23,2022,10,42,4,Monsoon,1,0,0,856400.25,128170.15,493402.7,386936.53,338534.98,473423.69,192150.85,120727.92,185777.59,1476366.89,484.47,5.07,97.1,13337,6461376.39,12116,2193536.39,42,4444420.61,300992.86,715608.31,956140.33,704994.82,1556770.54,349055.74,147586.72,237133.17,0.8360705173426594,0.5010738207354011,0.5099223802867441,0.7383237860707965,0.6622672579701604,0.7561685332401246,0.5988137534854878,0.6054366742041066,0.5819535389575373
2022-10-30,2022,10,43,4,Monsoon,1,0,0,925632.89,181812.46,563921.16,355518.33,334129.71,465066.12,206993.52,96641.26,155673.0,1593996.64,541.83,5.63,95.85,13451,7288155.33,11927,2983835.33,43,4481169.37,332308.89,778603.65,929202.53,721876.86,1554805.5,346615.82,126158.6,238669.61,0.8377563904759358,0.5331929067487697,0.5477438972243426,0.7293939282384346,0.6701603713347667,0.7557724220764797,0.5967898911008268,0.5635559980145131,0.5838377794114703
2022-11-06,2022,11,44,4,Festive,1,0,0,883631.6,172998.87,508089.48,294791.29,255177.26,414296.55,166864.08,104444.42,147507.7,1192349.06,492.39,6.55,101.91,12844,6324257.16,11645,2214177.16,44,4468567.1,339153.32,741670.58,852312.81,652209.53,1502660.4,305510.41,129676.14,231042.06,0.8371813944126641,0.5397834106000368,0.5259977147107024,0.7012699984766285,0.6356834157507293,0.7449100358603761,0.5598682865345475,0.5709815366636888,0.5743377643504498
2022-11-13,2022,11,45,4,Festive,1,0,0,734517.7,132871.08,517955.15,305972.87,340070.25,404604.28,221572.05,144801.5,130281.9,1218563.81,494.36,4.78,95.98,12658,6257608.88,11825,2207048.88,45,4309371.38,302447.74,740456.32,817360.55,698785.49,1456466.56,343776.21,170736.73,211146.62,0.8296276148174255,0.502640934397321,0.5252623103908045,0.6870482578832481,0.6592928131828868,0.734693318299089,0.5944122784539901,0.6430089318655987,0.5477329699764163
2022-11-20,2022,11,46,4,Festive,1,0,0,882488.7,100399.24,600570.4,295800.54,213478.57,338147.86,207599.85,61591.02,152437.31,1329744.39,497.6,5.29,111.21,12000,5971200.0,10629,2131200.0,46,4329985.8,251623.11,822707.3,786216.87,597810.59,1357674.45,345110.34,95738.37,226338.63,0.8306370275425234,0.44309631828799206,0.5721763754751247,0.6735310637613158,0.6049275595201486,0.7107765642054349,0.5955323441111499,0.4880257574361164,0.5682931114686621
2022-11-27,2022,11,47,4,Festive,1,0,0,909715.07,126341.83,635952.66,288402.37,339580.91,369356.3,174728.41,59240.93,125097.26,1363314.73,495.63,5.23,97.95,12846,6366862.98,11516,2256142.98,47,4373703.71,252153.38,882764.85,760132.49,668376.74,1319728.42,312772.54,78388.6,204315.78,0.832746355265047,0.44377174505442984,0.6028995528600208,0.661551397647317,0.6441464003667347,0.7007702032562503,0.5668027908753734,0.4334372410066431,0.5379398975347922
2022-12-04,2022,12,48,4,Festive,1,0,0,830862.87,152174.68,568355.4,292048.66,224976.09,417560.89,175363.87,106784.89,154116.39,1444436.35,501.72,5.33,87.87,12466,6254441.52,11350,2265321.52,48,4329825.84,278251.37,833184.85,748128.16,592583.29,1341370.78,300472.89,122462.61,225626.91,0.8306292317204989,0.47556078324749257,0.5777430840616687,0.6558254935843375,0.6017748399661333,0.7065362818321543,0.5549461853067853,0.5554952038459361,0.5673656659488225
2022-12-11,2022,12,49,4,Festive,1,0,0,919777.23,222799.57,524267.43,294568.83,271578.7,333759.69,251038.53,137599.33,154166.74,1243064.04,488.4,5.91,99.85,12860,6280824.0,12327,2165624.0,49,4383637.9,361925.26,774222.89,743445.72,597499.51,1272719.24,371227.69,162091.85,233136.16,0.8332198095081107,0.5606872839579123,0.5452268054183302,0.6535544652305671,0.6047409523060167,0.6876828982110799,0.6164307029329655,0.6297844606940477,0.5769826425881085
2022-12-18,2022,12,50,4,Festive,1,0,0,995792.94,242575.9,524269.27,298860.02,328381.44,330696.7,262967.54,82166.31,118610.1,1222426.92,516.6,5.72,99.63,13059,6746279.4,12312,2567399.4,50,4502703.26,423538.53,756536.14,744927.45,657006.17,1221600.17,411458.61,114584.68,200207.76,0.8387314047074401,0.6102398721486062,0.534894668129953,0.654275425535314,0.638225075305151,0.672523064560772,0.6451750295579802,0.5373697633133167,0.5318763412062835
2022-12-25,2022,12,51,4,Festive,1,0,0,940415.38,178084.87,507717.75,364097.23,285958.51,374784.3,199113.55,131823.34,115694.65,1366570.46,488.94,5.84,105.56,13122,6415870.68,12317,2216830.68,51,4542577.99,389854.13,734678.59,811053.7,647311.9,1229904.42,363697.0,154740.28,185767.36,0.8405122449537542,0.5843331585217258,0.5217450242273333,0.6843773017337134,0.6330609623004659,0.6750545143067799,0.6105993426401646,0.6178035312633332,0.509460357029514
2023-01-01,2023,1,52,1,Winter,0,0,0,788848.22,160728.44,451628.86,248793.92,281328.8,311254.55,182576.87,79270.51,150873.38,1168991.91,513.11,5.51,101.44,10196,5231669.56,9067,1968949.56,52,4422910.61,355655.51,672032.44,735426.14,637350.35,1172187.64,328055.67,110218.57,215891.96,0.8350706760030194,0.5550840497808264,0.48166005674107826,0.649614975955731,0.6276405274735608,0.6568811159618282,0.5808020820614546,0.5267306720822301,0.5543310095202356
2023-01-08,2023,1,1,1,Winter,0,0,0,813538.31,186724.31,469273.22,272967.66,275269.91,321625.46,194826.31,60269.94,118780.78,1311206.52,530.55,4.97,95.83,11449,6074266.95,10790,2410586.95,53,4351866.8,364552.06,670882.95,714223.34,625812.6,1142156.81,326048.58,82313.65,194342.97,0.8316980394800831,0.5630016058567953,0.4808907676463882,0.6388878108579054,0.6212141994251069,0.6468691443931592,0.5790080247881959,0.4466793777699893,0.5229840806089777
2023-01-15,2023,1,2,1,Winter,0,0,0,858732.77,178909.0,570810.74,250599.22,309404.32,260132.68,189666.76,53163.82,95928.68,1258483.18,492.86,5.05,98.57,11476,5656061.36,10820,1983741.36,54,4340226.21,361185.03,772075.63,679133.23,653601.25,1059642.45,320086.19,69626.55,163948.72,0.8311349135088058,0.5600315917559247,0.5439869717394215,0.6200910633123154,0.636423573212449,0.6172347761035353,0.57360020693295,0.40173848111815613,0.47200835179790274
2023-01-22,2023,1,3,1,Winter,0,0,0,893228.61,210279.23,473355.85,382343.65,304482.93,396862.19,137399.81,94483.66,107981.59,1266645.52,515.89,5.8,101.64,12422,6408385.58,11529,2433345.58,55,4365409.58,390871.75,704978.54,789823.59,663963.62,1138611.9,265434.29,108408.97,165363.64,0.8323494155611268,0.5851560490178792,0.5031891191676073,0.6751392702594664,0.6418653846182467,0.645661075993063,0.5179641834025333,0.5221890945717026,0.47457896083853496
2023-01-29,2023,1,4,1,Winter,0,0,0,890657.36,156951.96,425882.51,305031.45,242275.16,273493.01,202743.47,56833.03,89299.53,1187462.24,511.18,5.57,89.18,10276,5252885.68,9857,1964565.68,56,4382985.02,352387.83,637376.07,778925.6,607455.15,1070521.34,308917.18,78514.82,147176.8,0.8331887597173646,0.5521187079144684,0.45792551993399194,0.6702446761272033,0.6106502050062136,0.621328731080363,0.5631447404796865,0.43387189516413016,0.4398953659413863
2023-02-05,2023,2,5,1,Winter,0,0,0,921945.63,204575.09,480868.64,373280.07,297775.2,332640.79,129307.33,82795.78,118867.2,1482669.63,545.06,6.0,106.69,11581,6312339.86,10493,2606419.86,57,4428333.65,380769.01,672081.46,840635.43,631875.53,1082005.73,252874.2,98498.74,170379.08,0.8353236718488917,0.5768690478851709,0.4816928357704946,0.6966255014890916,0.6246112425274644,0.6255872585789215,0.5034293104267985,0.4958403277829316,0.4835266602034923
2023-02-12,2023,2,6,1,Winter,0,0,0,894521.05,157869.07,484225.46,374086.66,207498.71,334685.17,171653.61,121457.59,147730.44,1099470.24,489.9,5.62,95.84,12365,6057613.5,11812,2100813.5,58,4437187.97,348253.57,685849.9,878467.92,555030.25,1092089.18,272803.29,141157.34,207363.12,0.8357354106937681,0.548321934845965,0.49081134345905414,0.7113016164745476,0.5780229270493806,0.629273493225587,0.5261631026718703,0.5936742198931644,0.5423526509662777
2023-02-19,2023,2,7,1,Winter,0,0,0,911286.57,190166.04,474518.14,413890.16,280488.55,312945.99,210054.65,75308.57,124310.65,1273297.18,515.9,5.03,107.09,11807,6091231.3,11254,2312991.3,59,4461036.94,364292.83,680273.11,940970.91,585755.19,1077408.42,319175.97,103540.04,196887.74,0.8368362607300939,0.5627740760701444,0.48713914408270054,0.7333500903775227,0.597601567288987,0.6238902696228843,0.5727641920346843,0.5095655909824578,0.5268771280047939
2023-02-26,2023,2,8,1,Winter,0,0,0,946267.63,144384.55,505340.94,356323.59,326525.26,356397.51,213654.36,116885.17,198650.94,1047637.2,467.48,5.29,101.96,13685,6397463.8,12055,2018263.8,60,4515097.19,326530.96,709422.87,920906.14,648690.61,1110583.4,341324.75,137593.18,267561.65,0.8392883286751033,0.5275134250147753,0.5060168599196541,0.7265522888709519,0.6338020049381802,0.6359084649621263,0.5923402033279129,0.5868707940219853,0.6167253108546945
2023-03-05,2023,3,9,1,Spring,0,0,0,836210.05,126006.69,468900.38,327755.75,301726.76,385047.0,171584.11,54630.03,142983.89,1071183.88,490.08,5.73,103.15,11977,5869688.16,10971,2037048.16,61,4448287.8,289272.17,681727.24,880299.43,658506.6,1162455.38,308114.01,82148.67,236630.47,0.8362492452144874,0.48816750846669366,0.4880994336175732,0.7119854385050178,0.6390147507937137,0.6536795274720599,0.562376044207396,0.4461339852292787,0.5813338670034818
2023-03-12,2023,3,10,1,Spring,0,0,0,882485.4,208431.12,497092.74,301669.48,320963.65,375722.5,181826.79,72463.08,139600.92,1127118.53,507.07,5.78,105.75,12535,6356122.45,12011,2344922.45,62,4441115.64,353067.21,701610.91,829849.14,683142.28,1189441.27,305072.39,88892.81,222421.58,0.835917525604678,0.552737800191203,0.5010343937534185,0.6922410364666121,0.6516235470807803,0.662457792845309,0.5594439857042528,0.4676669782508094,0.5631463470207967
2023-03-19,2023,3,11,1,Spring,0,0,0,866853.13,173669.79,424600.53,248173.91,295359.72,444270.38,176941.93,51271.22,107352.1,1395518.8,527.86,5.84,102.87,11304,5966929.44,10041,2349649.44,63,4419745.64,350203.39,635083.8,746083.39,671087.97,1276879.27,298970.89,69049.78,185199.65,0.834922736048644,0.5501189004651319,0.456316140499174,0.6548363818022604,0.6455370943391051,0.6888731391918614,0.5534604575432703,0.3995412958230554,0.508542443135035
2023-03-26,2023,3,12,1,Spring,0,0,0,889952.78,69756.82,537787.6,359338.94,358617.85,417008.4,190381.96,88707.18,128710.51,1231667.33,475.48,5.08,103.36,13184,6268728.32,12180,2049848.32,64,4425749.29,244858.52,728312.74,806988.98,727716.24,1310823.89,309970.31,102517.14,193530.39,0.8352031837459417,0.4343726973009867,0.5178350240438945,0.6826383112167689,0.6728261763092892,0.6983512638975079,0.5641491873204526,0.506836023995006,0.5217296152540878
2023-04-02,2023,4,13,2,Spring,0,0,0,813825.17,114408.33,467840.45,375268.55,305692.13,384644.91,190981.58,106591.4,113016.68,1129142.63,515.72,5.02,99.18,11808,6089621.76,11316,2311061.76,65,4354424.6,236837.59,686334.27,859461.94,705936.06,1302221.63,314969.71,127094.83,180752.32,0.8318213733986619,0.42376654126981694,0.49112893262224583,0.704062221410398,0.662714745819776,0.695988163176656,0.5688642121393026,0.5655553564522723,0.5012512510302906
2023-04-09,2023,4,14,2,Spring,0,0,0,839055.55,171430.37,474300.18,353000.79,288465.99,387949.89,209861.34,88942.84,71155.22,1244932.36,498.74,5.42,101.86,11962,5965927.88,11058,2138087.88,66,4322595.23,289849.16,680200.46,868677.95,676730.82,1299505.03,335849.22,114361.81,134418.53,0.8302762402415084,0.48881477329415196,0.48709111552807577,0.7076055327865896,0.6484057864870462,0.6952364757710833,0.5876457934493163,0.5368373090926162,0.4132858444113594
2023-04-16,2023,4,15,2,Spring,0,0,0,843892.0,88291.32,421820.98,261904.4,348020.65,462445.21,172137.89,117482.43,164345.16,1204217.75,469.57,6.08,97.06,11731,5508525.67,10501,1754605.67,67,4301968.19,233215.9,625881.12,783111.17,720222.6,1372098.73,306477.58,140354.79,211391.65,0.829262759168542,0.4188823369169902,0.4498056954930385,0.6721370345320603,0.6693992295984322,0.7144558540520957,0.5608027039511846,0.5921603964838158,0.5480777161007894
2023-04-23,2023,4,16,2,Spring,0,0,0,680782.62,159710.2,480177.32,353296.79,242308.15,389515.04,196621.6,67602.51,118132.96,1140963.2,503.63,5.22,98.28,11668,5876354.84,10811,2142594.84,68,4122357.17,276318.15,667941.66,823163.49,638430.58,1349984.15,319212.63,95673.47,192120.04,0.82001365865718,0.47330081455465894,0.478916733519954,0.6894768731715117,0.6282339907512549,0.7087873684260735,0.5727979174827234,0.48783938333866667,0.5195391050115962
2023-04-30,2023,4,17,2,Spring,0,1,35,883302.53,172120.91,526949.39,296776.8,344338.77,477906.93,212867.69,97697.87,118163.36,1032404.54,534.18,5.68,109.82,13788,7365273.84,12359,2953113.84,69,4181188.27,310279.99,727331.89,790674.9,695475.59,1422895.84,340552.74,116832.56,185405.37,0.8231294776740599,0.5109483475520544,0.5172293269942684,0.6755171930346757,0.6576912517328249,0.726894670090845,0.5916838981836552,0.5426780917569475,0.5088753975055997
2023-05-07,2023,5,18,2,Spring,0,0,0,703026.38,117546.0,412441.07,254312.93,250167.7,448765.35,187227.79,71649.1,135349.36,1372625.1,477.59,5.68,95.96,10398,4965980.82,9583,1638620.82,70,4047976.99,272685.99,630640.64,728717.87,632679.27,1444792.44,323448.89,95015.61,200241.24,0.8159473855195551,0.4690147489024123,0.4531826824875175,0.6462705065109973,0.6250582213941254,0.7320180761860666,0.5766646461647008,0.48594323228394937,0.5319263006924078
2023-05-14,2023,5,19,2,Spring,0,0,0,693370.14,147801.57,394361.82,253128.61,349150.27,390085.93,171809.06,92928.74,142064.14,1225178.18,497.8,5.8,100.77,10854,5403121.2,9616,1929841.2,71,3931751.73,284144.57,583554.01,690359.33,697123.87,1401440.63,301188.61,111931.86,212148.57,0.809294098685468,0.48236004618767975,0.41884952598269704,0.6262509556884923,0.6584902074798582,0.7217372368858931,0.5556511986857084,0.5309583767105828,0.5491398584268388
2023-05-21,2023,5,20,2,Spring,0,0,0,604481.41,81494.54,486440.78,278415.73,274013.47,445546.61,183726.85,95456.58,114964.8,1460848.6,480.27,6.17,100.57,11001,5283450.27,10214,1763130.27,72,3749882.8,223566.82,661506.98,692631.33,657431.6,1426555.05,304202.3,117842.95,189216.8,0.7980883720698979,0.40557378584488946,0.4745700509961378,0.6274805979888297,0.6384492380099868,0.7277605870679517,0.5585990797194477,0.5450278985501216,0.5149764977198198
2023-05-28,2023,5,21,2,Spring,0,0,0,713297.88,223145.26,455436.03,211551.17,285798.48,341897.18,200036.83,96374.14,122869.17,1312838.59,490.63,6.12,98.45,11002,5397911.26,10137,1877271.26,73,3713204.12,334928.67,653888.12,627129.97,647385.86,1340485.72,321717.75,119942.73,189095.05,0.7957020046077635,0.5357328898137863,0.46937355821581317,0.5896389782044543,0.6331007711207787,0.706303576890169,0.5750917740862121,0.5498410792864871,0.514783574066991
2023-06-04,2023,6,22,2,Summer,0,0,0,762563.6,156455.96,493067.43,267699.93,292405.98,398800.85,202353.75,54025.73,144325.56,1266158.37,528.64,5.26,102.57,11655,6161299.2,10947,2431699.2,74,3733126.89,323920.3,689233.87,643977.91,648468.2,1337140.85,331040.85,78014.28,210508.83,0.7970037089142088,0.5249117383330599,0.4930255929402779,0.5998619952497763,0.6336826111114797,0.7054217598374208,0.5834463011622154,0.4321447043769593,0.5468335342020326
2023-06-11,2023,6,23,2,Summer,0,0,0,756816.28,200649.84,426703.53,287292.38,181568.55,372763.52,231871.17,57597.93,110871.61,1147775.48,494.57,4.66,102.95,10934,5407628.38,10174,1908748.38,75,3743317.8,362609.99,633473.69,673679.13,538226.06,1308762.12,364287.51,73200.79,184549.7,0.7976644937547027,0.5612924336542319,0.45518276723266426,0.617047094429276,0.5667360657263073,0.6977872467415657,0.611062123972116,0.41504199025261374,0.5074880260171272
2023-06-18,2023,6,24,2,Summer,0,1,32,833115.16,210038.31,453283.74,341995.05,254415.28,383797.38,162871.89,67805.92,140868.01,1068558.53,528.03,5.23,95.37,12064,6370153.92,11147,2509673.92,76,3827769.4,391343.3,643325.85,746202.53,550439.61,1299930.86,308586.89,82446.08,205460.4,0.8030118165672854,0.5855364778216329,0.462079915674717,0.6548941243796524,0.574981336678574,0.6953544764120432,0.5628289059344713,0.44711646858279464,0.5396057906950227
2023-06-25,2023,6,25,2,Summer,0,0,0,755036.33,226641.72,498628.62,286803.07,306903.09,305140.76,166230.16,72373.41,73686.01,1173872.28,522.18,5.53,100.51,11521,6016035.78,10774,2329315.78,77,3817251.85,422313.37,691626.37,734524.59,609644.88,1215092.36,289664.92,88862.63,145597.15,0.8023581408110084,0.6093437856272881,0.49458470791243575,0.649168121553519,0.6119327072340778,0.6705200694059079,0.5440645527605735,0.46757398875722855,0.43670736455940296
2023-07-02,2023,7,26,3,Summer,0,1,37,937555.02,176866.64,510421.02,258404.51,316405.93,329220.55,147116.45,86450.91,97722.66,1065084.89,492.75,5.36,94.59,12520,6169230.0,11162,2162830.0,78,3991356.5,388023.33,717908.93,699119.26,651710.61,1179785.2,262982.42,104223.44,148681.66,0.8127530624701667,0.5828460844410559,0.5113661159467439,0.6309608758015661,0.6354175339460404,0.6593522803956215,0.5151832108967132,0.5113739267849504,0.4429053141286171
2023-07-09,2023,7,27,3,Summer,0,0,0,897646.59,186378.72,394991.28,303902.75,268809.07,380121.8,211087.45,95316.48,145887.61,1278022.85,489.95,6.29,103.94,11822,5792188.9,10966,2009148.9,79,4090731.79,380390.38,610363.96,723374.31,627249.91,1205971.44,316280.42,116161.17,197926.19,0.8183023952189465,0.5765533236305255,0.43864949477526105,0.6435738991411771,0.6220235798192046,0.6676841244568535,0.5700859830341355,0.5411043448990979,0.5284504352282282
2023-07-16,2023,7,28,3,Summer,0,0,0,889051.52,196380.75,549236.28,266704.04,195447.17,357715.1,175400.55,56385.51,91515.82,1395918.3,482.08,5.51,100.88,11578,5581522.24,10348,1876562.24,80,4161636.95,386575.94,732345.47,700728.62,540434.62,1201895.11,301912.72,79617.74,160789.99,0.822103602448719,0.58166438637453,0.5203162177653001,0.6318171003777937,0.5682437147416044,0.6664057544661338,0.5563625465613011,0.43764467134231505,0.46619432943063654
2023-07-23,2023,7,29,3,Summer,0,0,0,790078.25,203442.43,427891.07,276185.42,284021.8,335528.04,194024.44,37769.67,139947.88,1168690.53,481.38,5.76,100.41,11609,5588340.42,11075,1873460.42,81,4119387.81,396730.4,647594.71,696622.59,581260.84,1176854.62,314789.53,53693.22,196224.38,0.81985407963828,0.589843106502427,0.4650402604554422,0.6296270293993789,0.5948201468191109,0.6584019938824133,0.5686957949191965,0.33535312702492936,0.5258674695836248
2023-07-30,2023,7,30,3,Summer,0,1,34,1075247.9,220192.72,635751.24,302183.94,312629.88,367729.76,186511.49,138521.18,140472.96,1313338.92,507.06,5.59,103.3,13923,7059796.38,12328,2604436.38,82,4370758.15,418557.92,830029.65,720157.5,632323.34,1191527.99,312427.3,149259.82,209151.49,0.8326055592349833,0.6065761258076207,0.5760761357448733,0.6419364768531572,0.6248603766270684,0.663123779010888,0.5664773519078685,0.6083948885876763,0.5449092370630823
2023-08-06,2023,8,31,3,Summer,0,0,0,914279.06,145116.95,452575.73,267409.17,266734.78,336768.13,182719.13,50580.28,126247.8,1117292.51,499.6,5.36,98.62,11129,5560048.4,10177,1998768.4,83,4410885.58,354395.91,701584.63,699503.67,614512.62,1170837.72,307690.05,80432.24,199450.82,0.8345074593369325,0.5539446845528493,0.5010175380125461,0.6311656469733207,0.6147617510099329,0.6564394695044633,0.5619693516637377,0.4404020290730855,0.5307444165428113
2023-08-13,2023,8,32,3,Summer,0,0,0,938913.3,132171.39,495167.0,331130.27,324822.95,299205.35,231252.61,100591.9,113593.28,1163703.98,487.53,4.73,104.57,12554,6120451.62,11746,2103171.62,84,4467621.76,309369.35,705642.39,750832.47,662804.89,1118791.76,354328.63,116678.35,183401.07,0.8371381303774481,0.5099935225958557,0.5036126471009691,0.6571274365644904,0.6412628806360919,0.6388019108998778,0.6031282494066729,0.5423174971274676,0.5056153268467679
2023-08-20,2023,8,33,3,Summer,0,0,0,837405.15,196617.29,547649.77,407197.19,245035.99,318463.7,217074.04,81424.16,166247.94,1102204.32,469.02,5.47,95.26,12604,5911528.08,11553,1878248.08,85,4411502.56,351301.96,759342.49,857696.67,609578.68,1101617.93,358805.49,104759.83,230438.31,0.8345364317286359,0.5511263784130024,0.5365523355101639,0.7033763328540809,0.6118940247350608,0.6327122050215219,0.6067290296185206,0.5127847706683256,0.5735699629127498
2023-08-27,2023,8,34,3,Summer,0,0,0,907519.45,71750.73,536816.46,458363.71,259446.01,274184.0,194159.08,87981.98,190601.96,944024.04,502.12,6.8,107.06,12775,6414583.0,11336,2326583.0,86,4436721.5,247401.71,764619.21,972981.71,594714.28,1045316.55,337681.28,108933.95,271255.37,0.8357137603035033,0.43767586510975015,0.5396504935602678,0.7436852089981737,0.6030644764077016,0.6117531793041902,0.5892267896940709,0.5235148164220417,0.620606810928748
2023-09-03,2023,9,35,3,Monsoon,0,0,0,920183.83,192886.36,556834.05,348748.59,177482.8,333780.2,221301.85,82767.69,146703.71,1195616.0,490.61,5.0,97.25,12305,6036956.05,11373,2099356.05,87,4469561.03,316587.22,786219.81,932537.62,504575.66,1065501.79,356374.36,104554.48,241643.09,0.8372268623471774,0.5174831688479445,0.5520806469856425,0.7305238977186249,0.5428211756250014,0.6194470707147738,0.6047806732159343,0.5122455253344256,0.5874432666645991
2023-09-10,2023,9,36,3,Monsoon,0,0,0,880069.4,123445.44,396858.28,416069.31,337583.29,391335.03,222196.21,74292.51,145731.84,1215414.21,496.09,4.77,91.52,12064,5984829.76,11236,2124349.76,88,4455718.22,281739.05,632724.22,975591.88,615099.9,1137186.28,364745.95,95203.41,230306.92,0.8365917784045265,0.47960094360973904,0.45465438254531815,0.7445014360047473,0.615101034697419,0.645173651817632,0.6114207477443966,0.48648582527367407,0.5734025577847206
2023-09-17,2023,9,37,3,Monsoon,0,0,0,915237.56,131434.09,413106.84,355083.92,316914.01,341031.11,186450.03,96569.72,113486.09,1327903.32,506.09,6.27,98.36,11385,5761834.65,10660,2118634.65,89,4479812.14,272303.61,602924.11,940439.05,655218.96,1137061.51,332348.41,115610.4,194093.51,0.8376946213970211,0.4685604678078796,0.4332213108737715,0.7331731575869868,0.637281132181654,0.6451309490960315,0.5845955251197029,0.5398059077678622,0.522599551827867
2023-09-24,2023,9,38,3,Monsoon,0,1,16,983001.22,118924.46,510202.14,324497.65,253118.47,442842.2,167697.54,81364.42,105329.99,1295452.59,449.96,5.8,97.79,13036,5865678.56,11861,1694158.56,90,4566850.93,255076.27,691079.37,888761.08,613488.9,1238785.25,300636.9,104486.5,173262.72,0.8415809111162098,0.447473064590135,0.4942287114162815,0.7151139366428438,0.614169283802525,0.6777317272483505,0.5551079097024305,0.5120667713851408,0.48855765943149887
2023-10-01,2023,10,39,4,Monsoon,1,0,0,888049.62,152535.98,570154.59,432890.24,272324.68,449614.16,196105.34,127903.86,146077.63,1447074.35,469.33,5.57,98.32,14185,6657446.05,13122,2118246.05,91,4541530.36,280074.11,777478.4,966146.89,609743.57,1316763.84,316360.1,148801.16,206719.58,0.8404658608221902,0.4776781732283071,0.5470989341883005,0.7415293231598559,0.6119903641263317,0.6999679173066933,0.5701600656534281,0.60758802214003,0.5414267151622862
2023-10-08,2023,10,40,4,Monsoon,1,0,0,978973.68,201274.69,533681.8,405609.95,316285.37,412160.97,181182.46,113596.33,115956.2,1233115.65,545.93,6.05,101.16,13226,7220470.18,12116,2988150.18,92,4612197.97,341311.75,766925.32,985298.08,651644.33,1333895.66,307726.5,143356.56,188308.05,0.8435468881207981,0.5418314759442241,0.5409968469956288,0.7475027800843967,0.6353821908169551,0.7045626335319042,0.5620043423859692,0.5977698181994182,0.5135333940785027
2023-10-15,2023,10,41,4,Monsoon,1,1,39,1002539.14,199802.54,499183.67,482821.79,414121.11,462888.78,268753.24,121207.6,99949.56,1405139.68,489.87,5.17,105.49,15648,7665485.76,14612,2658125.76,93,4692297.52,370458.41,729261.27,1074000.64,772525.49,1396615.74,391843.84,149878.91,165857.38,0.8469252204639582,0.5681350726152959,0.5184199376912217,0.7726368165923129,0.6922429134695867,0.7205582520421334,0.6316456025835298,0.6094791233282111,0.47547112949572273
2023-10-22,2023,10,42,4,Monsoon,1,1,10,967102.48,195308.54,598668.6,337675.57,366391.39,545018.32,271801.16,93746.85,176223.95,1539911.28,449.65,5.46,99.04,15589,7009593.85,14446,2021113.85,94,4720940.49,380537.75,817446.98,982075.95,791280.41,1522649.34,428538.7,123722.63,234274.03,0.8481049273156046,0.5766762543025897,0.5693476983500991,0.7465123162680505,0.6998549484758695,0.7491552665899242,0.6562673682061636,0.5582737830559835,0.5784080236343795
2023-10-29,2023,10,43,4,Monsoon,1,0,0,812394.89,175269.11,535521.56,475552.79,323792.61,513105.28,262623.84,94089.78,167823.07,1395584.14,471.0,5.88,96.54,14938,7035798.0,13774,2255638.0,95,4589147.29,365537.98,780755.65,1064798.36,758996.84,1578959.82,434039.32,118834.31,249818.98,0.8425524707090859,0.5638652440435755,0.5489743272944765,0.7702090883355308,0.6865684742941751,0.7605772246923076,0.6597115499352806,0.5473120260388761,0.5970854352974463
2023-11-05,2023,11,44,4,Festive,1,1,10,1020352.43,140097.2,575186.99,440341.88,333448.93,531603.44,166683.45,76443.84,126613.48,1569431.23,549.69,6.34,94.37,14179,7794054.51,12761,3256774.51,96,4691670.26,322866.19,809413.69,1079220.9,750897.19,1636875.31,340299.18,100210.7,214050.12,0.8468992211874534,0.5238549098541239,0.5649837688942129,0.7739967886682129,0.6830949665586339,0.7715502538780623,0.5914679442310877,0.500578815173294,0.5517895905049903
2023-11-12,2023,11,45,4,Festive,1,0,0,897970.39,155683.75,450164.84,341839.87,308846.08,493815.74,243034.03,90442.08,151362.92,1592275.93,485.94,5.03,97.66,12954,6294866.76,11402,2149586.76,97,4651306.6,317116.85,692988.95,989372.41,721839.53,1639628.46,379153.7,110484.22,226280.46,0.8452111557880718,0.5180257335744816,0.4954702974119702,0.7487469247291919,0.670143224472236,0.772053425373084,0.6224068992873525,0.5273907433997304,0.5682174372481763
2023-11-19,2023,11,46,4,Festive,1,1,34,853356.22,191310.54,628499.69,345976.13,285373.52,539099.32,289975.87,79085.39,185601.45,1317783.81,523.18,6.01,90.56,14764,7724229.52,13198,2999749.52,98,4574401.5,349868.96,836396.37,939599.58,682385.26,1686839.24,441637.35,101182.23,264799.61,0.8419110001621927,0.5498114911816782,0.5794315105912236,0.7328935370068352,0.6512459025652708,0.7804344784702433,0.6643708746098785,0.5032320196879684,0.6137777237981569
2023-11-26,2023,11,47,4,Festive,1,0,0,871364.56,212583.44,566576.27,298614.72,293343.48,531819.81,241280.02,130598.03,154452.86,1266367.23,502.42,5.65,96.37,13806,6936410.52,12279,2518490.52,99,4530885.76,387517.92,817495.18,862374.47,668655.38,1712607.28,417934.96,150834.48,247132.72,0.8399933389994397,0.5824340595919281,0.5693737208065999,0.7051887957699909,0.6442896982178676,0.7848188720366449,0.6494535024228496,0.6111417813845282,0.5939605072137979
2023-12-03,2023,12,48,4,Festive,1,0,0,909232.14,203040.09,643530.85,327296.28,294064.32,547034.71,142560.64,98085.71,115108.59,1258624.54,490.3,5.57,106.22,14487,7102976.1,13269,2467136.1,100,4533940.75,396799.05,888779.4,844720.96,661824.78,1745859.8,309734.62,128252.61,201605.04,0.8401291816579707,0.5898975227495031,0.6058220182994016,0.6982624003028467,0.640752081543515,0.7902883195247881,0.5639247346921653,0.5680046579982863,0.5339537687627877
2023-12-10,2023,12,49,4,Festive,1,1,36,995375.73,249586.93,597216.69,337791.66,387074.52,568429.73,274240.06,106461.09,156117.59,1168063.7,515.51,5.5,95.88,15203,7837298.53,14123,2972338.53,101,4622528.33,447986.46,863850.51,844624.24,751078.15,1790531.59,398133.91,132111.61,226679.36,0.8439892782947804,0.6274457841351954,0.5935293441507544,0.6982237981321442,0.6831732054196975,0.797318004997694,0.6360806267175454,0.5759878852575367,0.5687359179460288
2023-12-17,2023,12,50,4,Festive,1,0,0,915925.78,220657.6,590888.53,342634.01,322863.41,489566.79,208273.56,89121.06,195667.85,1287791.65,452.31,4.95,103.14,15328,6933007.68,13750,2028047.68,102,4613948.44,444650.83,850043.68,849408.55,735956.39,1742938.91,367527.12,115543.38,275005.62,0.8436219922987164,0.6251718463672348,0.5865141068981492,0.7001246487884516,0.6765331739292837,0.7898161638524711,0.613584182100841,0.5396474491726152,0.6244786042708603
2023-12-24,2023,12,51,4,Festive,1,0,0,957805.25,205195.58,602646.51,313895.17,287285.77,458179.76,200813.61,98665.55,165173.26,1494919.85,471.18,5.89,93.87,14100,6643638.0,13467,2131638.0,103,4648964.0,427520.99,857659.62,823540.3,692061.78,1678236.99,347824.46,121774.23,261425.23,0.8451122681553502,0.6131297437187171,0.5904022612921068,0.6896336241656632,0.6560276067367431,0.7789414959870598,0.5977946235503748,0.5539636024768974,0.6101231155691212
2023-12-31,2023,12,52,4,Festive,1,0,0,1066202.38,280511.96,485461.5,388331.1,422938.65,455720.89,222576.14,154399.01,175201.77,1085515.49,490.15,5.19,108.86,15210,7455181.5,13393,2587981.5,104,4785373.58,494272.46,742759.38,882455.28,803572.63,1630486.79,361705.92,178753.86,266700.6,0.8507059242496134,0.6568066648032055,0.5266560167613965,0.712787304324173,0.7046895105004662,0.7703763826225589,0.6090319070074564,0.6545100868079984,0.6158106017626901
2024-01-07,2024,1,1,1,Winter,0,0,0,937117.25,188669.8,612229.07,299959.23,246913.01,402145.18,152263.21,72445.09,151797.26,1075505.59,473.14,5.07,109.19,13065,6181574.1,12304,2000774.1,105,4765416.12,435806.03,835056.89,829432.4,688877.96,1543485.93,296945.58,108195.86,245142.47,0.8499079950910169,0.6190314420606465,0.578728304436574,0.6920697866057931,0.6544651474411185,0.7534723010734714,0.5514437052184095,0.5216490083993246,0.5916182646943785
2024-01-14,2024,1,2,1,Winter,0,0,0,830734.16,154220.73,472307.89,294642.2,325559.93,387772.07,185853.54,63020.58,115620.53,1184744.23,488.38,5.85,102.96,11767,5746767.46,10944,1981327.46,106,4643067.05,372123.74,722824.96,792301.64,704442.81,1468212.22,304631.77,84659.75,201420.39,0.8448628920441893,0.5695651372882183,0.5144350275109305,0.6762375883987564,0.6620044057984407,0.7373463260344006,0.5590164633984656,0.45433190817152186,0.53368013041373
2024-01-21,2024,1,3,1,Winter,0,0,0,864624.3,228472.55,510653.91,357053.57,343403.16,401824.1,236661.57,92049.06,121653.23,1094737.78,517.07,5.82,109.96,13318,6886338.26,12118,2624578.26,107,4579077.94,414534.42,727501.4,832434.55,730846.7,1429572.65,358514.28,108981.01,192150.37,0.8421148876956256,0.6035755161960811,0.517334065282779,0.693300354660121,0.6742419760384756,0.7284717138146474,0.6064965223448683,0.5236333280824081,0.5195863897932859
2024-01-28,2024,1,4,1,Winter,0,0,0,902084.96,198982.15,513664.9,262970.02,198521.18,417745.19,209123.52,15406.77,148803.72,1136725.69,502.64,5.53,101.78,12157,6110594.48,10747,2220354.48,108,4565347.31,406249.36,731915.32,762430.75,600486.87,1418446.05,352529.23,37202.97,216056.35,0.8415150452082961,0.5972789428178973,0.52005225923816,0.6626320620178053,0.6065277148813929,0.7258363405098037,0.6016649269750025,0.25205921919106716,0.5545566488953383
2024-02-04,2024,2,5,1,Winter,0,0,0,829541.38,214124.85,444613.72,353299.36,272598.14,325957.24,194606.59,80122.38,161042.81,1138520.44,526.61,5.93,103.84,11716,6169762.76,10898,2420642.76,109,4481819.23,417249.53,664188.32,810757.81,602865.92,1318869.47,335618.28,87562.97,236662.53,0.8377859530100976,0.6056044116466268,0.47638600531071507,0.6842511798474795,0.6079422757380918,0.7005380629550807,0.5874457598818628,0.4635415236202228,0.5813734339368245
2024-02-11,2024,2,6,1,Winter,0,0,0,854927.18,140714.16,561097.99,351849.91,247481.91,400318.06,197821.4,69437.81,167190.7,1169095.17,503.91,6.07,106.31,12914,6507493.74,11763,2375013.74,110,4440382.56,349338.93,760354.48,838304.6,579058.16,1323526.69,332068.71,86950.4,250022.59,0.8358835593121197,0.549323605269195,0.5371484042053581,0.695685815130518,0.5934468554106701,0.7017936842439447,0.5843501521833366,0.4616217420224011,0.5973206076093023
2024-02-18,2024,2,7,1,Winter,0,0,0,841299.72,173654.44,487167.84,304350.52,246672.07,360260.87,161727.99,54355.25,106107.28,1112465.44,519.85,6.02,100.9,11147,5794767.95,10644,2227727.95,111,4393605.77,348323.9,715274.19,807333.28,565154.06,1286729.55,294555.48,71745.33,193615.19,0.8336927173604698,0.5483869483616685,0.5097123056846602,0.6827861497963252,0.584621912619151,0.6916661858466261,0.5490437363736484,0.4096887626918705,0.5218607889646144
2024-02-25,2024,2,8,1,Winter,0,0,0,860770.14,84725.44,463532.38,300669.25,302707.74,312983.69,194360.3,92496.03,142742.95,1102654.41,498.72,5.29,92.24,11204,5587658.88,10345,2002378.88,112,4375654.76,258887.39,678114.64,785069.22,613542.47,1213694.38,312182.49,106845.1,210508.26,0.8328395100359708,0.45224449331709604,0.4857101034593628,0.6730169257345184,0.6142003197945997,0.6700875793761185,0.5662463300355906,0.5181996883390803,0.5468327290102343
2024-03-03,2024,3,9,1,Spring,0,0,0,979060.79,160582.4,478195.58,415485.9,254847.86,369284.85,151088.78,81969.0,163719.83,1312117.17,488.19,5.91,103.94,13098,6394312.62,12511,2202952.62,113,4479584.6,290026.1,681629.97,886527.43,592296.22,1218870.91,275961.78,103338.02,237397.72,0.8376842621055396,0.4890130132774199,0.48803525884443494,0.7142929831603266,0.6016006473615177,0.6716851056828014,0.5296057657101462,0.5090286920562034,0.5822790155382572
2024-03-10,2024,3,10,1,Spring,0,1,39,918416.82,138834.5,542165.54,441171.37,286568.59,407197.93,245953.56,42917.75,107088.77,1325958.5,529.61,5.58,97.64,13465,7131198.65,12087,2822398.65,114,4502084.5,283847.55,746654.53,973087.83,612331.51,1260407.57,356338.27,63585.35,190177.97,0.8387035195540365,0.48202057305675666,0.5290024272894099,0.7437184698378947,0.6134978559844,0.6841227712108928,0.6047516246112037,0.37799532125542923,0.5164950520957057
2024-03-17,2024,3,11,1,Spring,0,0,0,830340.89,85844.18,473093.8,386495.16,287921.2,310364.66,135540.8,66471.59,171441.12,1034334.8,485.81,6.19,98.01,12232,5942427.92,11474,2028187.92,115,4432008.49,227767.95,697090.16,970347.86,624703.53,1192649.96,278076.11,79188.66,238003.41,0.8354947576500373,0.4114215983339069,0.49812549855948446,0.7428576171728729,0.6205879232016045,0.6634811119541612,0.5318868459796844,0.436182277844385,0.5830225644021354
2024-03-24,2024,3,12,1,Spring,0,0,0,908190.36,171974.25,514115.82,446501.27,285584.13,396026.75,226452.71,11535.16,176527.51,868848.31,506.88,5.45,101.49,13287,6734914.56,12349,2483074.56,116,4453797.15,285858.23,723242.87,1028709.98,629171.07,1230881.72,337683.15,27372.89,259828.7,0.8365033295080342,0.4843120430734661,0.5146949045632276,0.7602998999806009,0.6231014779424887,0.6753506423992367,0.5892283981123629,0.1938509968622323,0.608373127630445
2024-03-31,2024,3,13,1,Spring,0,0,0,822825.1,76516.12,401316.09,391133.55,256477.16,384224.87,229365.16,92180.78,207377.23,1327604.98,515.38,5.36,102.83,11393,5871724.34,10700,2225964.34,117,4385862.82,219445.23,618288.95,1008359.54,602521.25,1245842.07,364438.42,97655.36,298317.28,0.8333255532545706,0.39975555485286424,0.4443752052556025,0.7544253125215937,0.6077377957860519,0.6798372266768838,0.6111802394105823,0.4934758192350845,0.6470828291362164
2024-04-07,2024,4,14,2,Spring,0,0,0,847464.14,78168.18,446905.87,416812.51,351702.79,442492.52,238256.03,92988.38,137451.53,1052543.95,516.83,5.25,100.75,12740,6584414.2,11430,2507614.2,118,4356154.4,187890.8,632392.56,1021828.23,683089.48,1314581.97,384031.4,112519.45,241862.58,0.8319047002838812,0.3524475468401146,0.4544203913142264,0.7583372296421302,0.6515972271951833,0.6993755099961461,0.6260050357532282,0.5323924427691711,0.5877072841150347
2024-04-14,2024,4,15,2,Spring,0,1,34,836477.7,175893.62,424258.8,398998.11,389081.05,386991.93,214016.99,73432.53,149575.44,1225529.38,476.69,5.58,103.18,13158,6272287.02,12279,2061727.02,119,4321401.22,269839.02,613976.57,1012095.05,764780.26,1307199.31,367629.55,95936.42,234227.34,0.8302178366798109,0.46561834664265983,0.44126679412329417,0.7555197643076873,0.6890135193696527,0.6973587337523687,0.6136634634564461,0.48859374022621815,0.5783496980578693
2024-04-21,2024,4,16,2,Spring,0,0,0,703307.4,177739.1,578575.04,337036.37,342521.25,376339.74,222531.96,101184.6,160293.7,1012119.38,521.04,5.69,96.47,13024,6786024.96,11980,2618344.96,120,4160428.37,312658.61,762768.01,944293.4,763150.39,1291379.26,369583.78,120371.88,242273.27,0.8220398759307836,0.5134288304831319,0.5385663629296026,0.7344514327738196,0.6883273957076234,0.6929723874872736,0.6151706791359646,0.5508133104522293,0.5882005116051586
2024-04-28,2024,4,17,2,Spring,0,0,0,804385.85,198245.26,582194.19,294729.2,314205.65,332652.9,188078.21,56258.32,162019.12,1355730.6,480.42,5.69,99.79,12312,5914931.04,11566,1975091.04,121,4132728.55,354574.56,811024.59,861305.24,733938.37,1236618.38,335911.72,80332.7,246814.76,0.8205692724924114,0.5541065626107844,0.5658631532006323,0.7047759472125648,0.6756311981675723,0.6770813419756012,0.5876999005262309,0.4400663539555765,0.5935878651962736
2024-05-05,2024,5,18,2,Spring,0,0,0,694852.81,196339.67,525052.56,301541.78,302268.79,437818.19,155044.61,64590.31,174235.22,1505240.15,516.21,5.64,104.25,11607,5991649.47,10518,2277409.47,122,4001035.65,373626.95,768359.94,818324.92,705934.89,1303451.06,289409.3,80656.85,260620.39,0.8133053453309037,0.5708495111746988,0.5418320663143018,0.6874537712534666,0.6627141901250457,0.6963274903382564,0.5438017403356867,0.44115814855395397,0.6092426058612433
2024-05-12,2024,5,19,2,Spring,0,0,0,742671.53,227296.21,454716.21,304356.04,303841.49,443956.18,234405.0,99390.17,165864.1,1221936.83,510.7,5.77,108.86,12358,6311230.6,11755,2356670.6,123,3943500.05,414109.69,685224.19,795350.99,692105.68,1356371.92,350168.72,115521.54,257081.24,0.8099838649280912,0.6032566046481546,0.49040076008369327,0.6775817655326775,0.6560490769518624,0.7104410079809357,0.5997311471202869,0.5395957902242174,0.6053296560760231
2024-05-19,2024,5,20,2,Spring,0,0,0,731935.73,204159.14,610534.9,359050.68,441686.73,422315.36,183598.34,71717.46,140426.59,1188707.68,516.37,5.41,110.63,13418,6928652.66,11898,2634892.66,124,3886735.77,411213.98,816102.16,836261.28,822344.85,1371775.7,323665.83,94821.77,230405.02,0.806613968465041,0.6010712398437181,0.5686208767143006,0.6948585378442396,0.7118463770859984,0.7143741876392096,0.5768610503189606,0.4853820974563717,0.5735275584604932
2024-05-26,2024,5,21,2,Spring,0,1,29,847353.12,189582.18,513612.82,350686.16,396523.64,476079.58,156937.7,93510.72,190388.95,1161343.25,475.9,5.15,102.16,13771,6553618.9,13008,2146898.9,125,3956741.74,395189.17,758443.47,852442.93,848813.31,1436322.57,286404.03,112475.07,271030.71,0.8107565708119526,0.5886183680501706,0.5360220523348105,0.7013211636701847,0.7214946166878242,0.7300527785192779,0.5406925747606467,0.5322844094933051,0.6203726757459942
2024-06-02,2024,6,22,2,Summer,0,0,0,755138.24,180552.64,496050.84,302427.62,293928.94,411326.38,169528.85,74111.74,111728.89,1293815.92,511.76,5.12,104.2,11757,6016762.32,11156,2254522.32,126,3920531.63,378147.23,723583.88,813893.38,760776.26,1416752.18,284090.46,96606.75,206589.64,0.8086316254373284,0.574675098792672,0.5149068442912575,0.6855839918039498,0.6873238495305055,0.7254319291573165,0.5382745135244887,0.4905077084883648,0.5412393706349838
2024-06-09,2024,6,23,2,Summer,0,0,0,789724.74,172463.95,512635.63,319675.11,335397.22,502529.85,169890.69,77261.99,143034.8,1268122.41,521.71,5.89,109.91,12223,6376861.33,11555,2465501.33,127,3926150.04,361537.56,729710.79,808011.14,753824.16,1494256.38,283526.87,96583.34,215341.17,0.8089638116637743,0.5603440548523312,0.518696852279164,0.6830769234599843,0.6843568789385407,0.7430940952472692,0.5376822075841595,0.4904410858841653,0.5535735856416008
2024-06-16,2024,6,24,2,Summer,0,0,0,734342.68,190250.41,524598.92,304212.2,306958.99,443767.37,196254.92,77526.2,188130.48,1320419.81,503.87,5.69,96.65,12647,6372443.89,11648,2325403.89,128,3875262.71,371019.19,743512.16,789018.88,721562.28,1489746.83,309665.67,96842.87,263499.89,0.8059213273154061,0.5686174746432028,0.5271105389942465,0.6747814497933187,0.6700158327586337,0.7421119563478348,0.5638590348809394,0.4911788004759103,0.6123771024057951
2024-06-23,2024,6,25,2,Summer,0,0,0,930807.64,137593.14,531190.62,294527.44,344108.13,566478.57,253047.22,68088.88,101609.9,1124650.02,483.63,4.76,103.15,13346,6454525.98,12213,2183805.98,129,4031017.81,323102.74,754244.27,767938.77,740967.38,1609301.35,376913.49,87457.45,193834.86,0.8149997592500278,0.5240923888055382,0.5335357517077415,0.6652019240405331,0.6787566057234862,0.7664197466775091,0.6207342084893448,0.4632117070392408,0.5222003066165171
2024-06-30,2024,6,26,2,Summer,0,0,0,790315.99,182819.37,530213.76,227691.21,336410.71,446411.22,199071.04,92295.39,116449.92,1240814.12,518.39,5.94,103.84,11538,5981183.82,11073,2289023.82,130,4015130.24,344370.74,756487.04,688454.47,743942.77,1572922.17,349836.44,109786.88,184292.12,0.8141049490827874,0.5447095712132578,0.5348656038365927,0.6252156277242876,0.6800659266415856,0.7593892085253044,0.5994576379228542,0.5256544343921608,0.5070691058800623
2024-07-07,2024,7,27,3,Summer,0,0,0,929923.95,161897.62,489636.77,339266.59,354680.15,417691.54,190861.5,67987.0,154583.51,1134903.83,502.28,6.25,107.24,12915,6486946.2,11602,2354146.2,131,4142028.14,334082.99,716582.88,752339.27,763848.67,1518737.06,330796.07,89944.38,219085.75,0.8210651478478024,0.5349153426896304,0.5105345513237817,0.6578498074883301,0.6886216301747784,0.7483324801472552,0.5832305564159368,0.4708888168464741,0.5586802473495114
2024-07-14,2024,7,28,3,Summer,0,1,22,959766.31,180163.36,558645.19,307584.66,281758.82,447294.65,274419.6,89453.72,153747.34,1073074.12,466.51,5.21,94.31,14165,6608114.15,13085,2075314.15,132,4273388.82,347204.85,773620.05,758988.22,701875.59,1510410.59,406738.03,107442.6,230427.35,0.8278424850553093,0.547350735438546,0.5448791274106791,0.6610114998675908,0.6607779342412128,0.7465682785702015,0.6419987961182301,0.5197310538151922,0.5735560029757543
2024-07-21,2024,7,29,3,Summer,0,0,0,911579.05,161865.48,480506.6,355424.23,299310.99,371956.16,217749.78,63494.26,104438.39,1195078.15,482.08,5.63,95.3,12590,6069387.2,11755,2040587.2,133,4330290.11,335467.91,712592.62,810817.16,685342.56,1429243.57,380444.99,84982.78,185087.96,0.830651856832834,0.5362530143812716,0.5080226141564371,0.6842764834052435,0.6527177221236192,0.7283942924589778,0.6233652671684908,0.45537066903556644,0.5083615166048144
2024-07-28,2024,7,30,3,Summer,0,0,0,935430.66,60315.9,511794.46,370458.26,211200.53,424659.14,198289.06,42526.62,117196.05,1089298.47,489.47,5.31,100.11,12276,6008733.72,11491,2080413.72,134,4399662.75,228049.85,725572.24,856948.56,588138.94,1425129.64,350467.06,59523.18,181976.84,0.8339790328727854,0.41181102920381096,0.5161405272556979,0.7030849540168285,0.5990656383170521,0.7274237461712202,0.5999764454231183,0.3610788243643251,0.5032767256920908
2024-08-04,2024,8,31,3,Summer,0,0,0,833043.73,109486.72,505319.92,308037.14,229556.76,378851.9,178682.16,103027.27,93995.89,1340847.24,530.12,5.75,101.89,10841,5747030.92,9717,2277910.92,135,4352773.93,223511.65,722991.59,822206.28,553033.18,1376442.65,318868.98,114931.91,157687.78,0.8317417967028554,0.4054964381727872,0.514538665214204,0.6890781600875389,0.5767035573541789,0.7155508342070518,0.5724815972277401,0.5381970937370625,0.4603812754733324
2024-08-11,2024,8,32,3,Summer,0,0,0,980381.47,133321.56,515208.71,384616.21,323334.59,418911.0,204953.45,92230.39,159354.48,1096569.55,526.6,5.03,105.61,13403,7058019.8,12496,2769059.8,136,4462600.61,245077.38,732106.19,877939.98,627502.84,1382420.85,332501.04,115216.77,214545.2,0.8369080255628882,0.43465807921611677,0.5201694058043175,0.7111040580438983,0.6221657481763657,0.7170480137217498,0.5847293183822693,0.5388737972906343,0.5524751295681036
2024-08-18,2024,8,33,3,Summer,0,0,0,906901.74,132748.59,508413.16,343355.3,239485.4,356105.82,195754.34,136702.27,123528.84,1243625.51,526.54,5.47,102.59,12108,6375346.32,11448,2500786.32,137,4476982.23,255287.28,728045.02,870119.29,584611.96,1323800.42,328754.76,159745.62,198619.66,0.8375657077398557,0.4477388564001409,0.5176697869915097,0.7081540478964663,0.5968966716689367,0.7018672522844447,0.5814238980255121,0.6260372634288816,0.5294961784750661
2024-08-25,2024,8,34,3,Summer,0,0,0,988740.59,142981.85,459606.67,353550.99,244525.68,401826.64,202525.74,53359.62,186868.85,1127589.32,504.65,5.89,99.24,12124,6118376.6,10718,2238696.6,138,4570326.37,270625.49,678020.17,875622.56,566062.26,1328486.93,334027.64,85308.74,256385.73,0.8417329844670395,0.4665598594617958,0.485647459799271,0.7102345060343017,0.5852066853842862,0.703122834991923,0.5860634578750223,0.4564152486953494,0.6045527345198173
2024-09-01,2024,9,35,3,Monsoon,0,1,18,976083.36,157401.79,536991.78,410276.06,303495.18,397329.52,255304.92,80842.11,147496.36,1233247.53,518.27,5.99,102.08,13741,7121548.07,13094,2724428.07,139,4632344.46,292714.54,740397.83,935649.6,614829.42,1327270.37,388915.98,97903.86,237231.37,0.8444077895835589,0.49201068284381017,0.525226853279851,0.7315719600271164,0.6149448270000206,0.7027976208513355,0.6295490903763135,0.49417460606147806,0.5820744053867368
2024-09-08,2024,9,36,3,Monsoon,0,0,0,888517.28,190449.79,511573.9,393418.74,317984.69,335540.4,186520.88,76885.88,131472.31,1137120.41,477.18,5.67,101.51,12903,6157053.54,11385,2028093.54,140,4594392.85,336807.06,733693.25,954808.5,656140.87,1264629.66,342087.27,96466.65,214503.29,0.8427796563512989,0.5375407435900461,0.5211421967376657,0.7378926725856513,0.637768507237849,0.6853500291661289,0.5929866631043806,0.4901087614649786,0.5524171656445845
2024-09-15,2024,9,37,3,Monsoon,0,0,0,827197.69,152355.15,426776.67,387169.55,243075.35,384218.06,218899.46,105471.81,131161.03,1049134.65,500.14,5.36,108.73,12116,6059696.24,11007,2182576.24,141,4502711.97,320758.68,646884.64,960054.65,603952.83,1269458.82,355734.37,124765.14,206237.18,0.8387317971787802,0.5217309434527153,0.4645490245398896,0.7395847443617267,0.6085860866877456,0.6867455831065975,0.6042650026883768,0.5605486931541601,0.5407305492587008
2024-09-22,2024,9,38,3,Monsoon,0,0,0,835837.53,135705.46,475974.46,333189.05,139337.41,359520.19,232193.22,68877.08,135698.87,1258052.73,509.03,4.86,100.83,11063,5631398.89,9749,2091238.89,142,4438007.1,296084.8,670039.85,909221.84,471511.47,1248141.37,374486.97,93830.11,207881.88,0.8357734181289951,0.49573071692384024,0.4803257472902469,0.7224745638862823,0.5175037863762876,0.680519112692648,0.6189078798740454,0.48249395418557606,0.5430967500758557
2024-09-29,2024,9,39,3,Monsoon,0,0,0,876470.53,96786.01,519611.87,379944.84,262823.93,429629.95,183555.23,53237.41,148248.38,1171750.13,478.5,5.2,98.08,12677,6065944.5,11234,2009304.5,143,4426876.21,244828.41,720623.83,925477.94,522155.24,1303328.91,333350.02,72003.43,221007.04,0.8352557403884369,0.43433341888925964,0.5130636457876127,0.7281236501467474,0.5555388843813479,0.6962938003688558,0.5854721750989601,0.4106444075763931,0.5612619632336107
2024-10-06,2024,10,40,4,Monsoon,1,0,0,891200.97,133889.67,640869.78,516601.71,400336.41,368046.72,204917.1,125765.54,239561.32,1384318.19,504.2,5.31,102.25,15329,7728881.8,14607,2823601.8,144,4432701.94,256303.87,857056.93,1071888.48,687521.79,1280376.95,338257.11,140166.23,316913.78,0.8355270099827959,0.44901671357476425,0.5900962345699996,0.7720830357405468,0.6537963919707985,0.689868956590101,0.5897215601348521,0.5918032101994823,0.6634724869746115
2024-10-13,2024,10,41,4,Monsoon,1,0,0,839421.2,207067.53,605276.99,307427.87,368424.95,391333.98,223795.74,88761.17,154543.89,1298538.85,533.73,5.22,100.99,13112,6998267.76,11911,2802427.76,145,4385582.75,335219.47,862394.07,950560.96,746561.93,1287597.85,359098.58,116794.42,265463.71,0.8333122482734846,0.5360134949618116,0.592796372250753,0.7365106436753377,0.6812118322057388,0.6919107017772723,0.6069627986981725,0.5425889561293327,0.614490007453567
2024-10-20,2024,10,42,4,Monsoon,1,0,0,880588.87,231534.99,651853.78,444942.49,419458.96,452481.45,212775.23,119750.62,155256.56,1190647.62,511.18,5.52,92.15,15586,7967251.48,14245,2979731.48,146,4389055.07,399144.72,910572.0,1015279.06,830068.02,1353799.94,356414.66,143109.5,248168.86,0.8334770840231247,0.5917498892748707,0.6161850406108089,0.7564468549422917,0.7147139638903023,0.7097767917300157,0.6048131060716474,0.5973135280106732,0.5951707728677283
2024-10-27,2024,10,43,4,Monsoon,1,0,0,953064.79,253609.53,557599.15,442321.49,315552.04,354750.56,259215.99,117896.34,165407.69,1479981.43,518.35,5.36,99.92,14323,7424327.05,12851,2840967.05,147,4464308.85,453181.89,830770.75,1051488.93,772089.45,1302410.52,401781.86,146518.24,252266.79,0.8369863676863804,0.6309429998699904,0.5764683979689671,0.7666278318059924,0.6920624602507106,0.6960403322167049,0.6386104228444727,0.6035257744393623,0.5998971153642855
2024-11-03,2024,11,44,4,Festive,1,0,0,991553.58,174722.76,589490.89,334664.29,298721.1,467863.4,192430.46,99052.8,194507.29,1438410.93,450.95,5.57,99.5,14721,6638434.95,13658,1927714.95,148,4563000.66,401313.71,838722.12,965557.65,723370.3,1379550.76,353143.2,128356.45,282800.67,0.8414121626625908,0.5934507754205398,0.5806490578393476,0.7413421931291474,0.6708452588675029,0.7163306340306461,0.6021652681584241,0.5682230918976799,0.632310686877972
2024-11-10,2024,11,45,4,Festive,1,0,0,864389.93,195625.79,616311.49,358869.41,398469.87,451386.29,222312.57,96259.42,117068.41,1281964.68,531.16,5.98,97.28,13531,7187125.96,12551,2857205.96,149,4514790.46,396282.64,867928.12,938204.0,796323.53,1417071.83,363569.85,121930.71,216048.64,0.8392745829143822,0.5894878990336241,0.595572686966483,0.7324277146506404,0.7018529206757642,0.7255083109592936,0.6104995710303202,0.5543126106513436,0.5545460705984846
2024-11-17,2024,11,46,4,Festive,1,0,0,821206.37,215659.1,476201.27,326579.98,392548.32,419799.72,294477.38,91467.15,171007.62,1358373.51,496.28,5.34,105.18,13450,6674966.0,12236,2370966.0,150,4433038.74,413800.42,736579.71,889502.38,830526.26,1411750.0,439905.32,115853.29,246624.65,0.835542670885376,0.6030241258831344,0.522905661327682,0.7153856241536004,0.7148827304092162,0.7242326600705918,0.6633185977063744,0.5403793480193175,0.5933647795508082
2024-11-24,2024,11,47,4,Festive,1,0,0,886493.86,278049.04,648684.71,430650.91,398349.99,418057.11,228509.51,101308.89,130488.98,1475042.34,484.63,4.95,96.07,14665,7107098.95,13296,2414298.95,151,4432924.85,484949.25,869658.62,964352.34,855139.44,1406282.11,404471.64,124479.55,216807.61,0.8355373753681281,0.6512050380223809,0.5964359710836498,0.7409587813692986,0.7237271397070505,0.7229131412969518,0.6404562268532348,0.5599276380727354,0.5555853509429546
2024-12-01,2024,12,48,4,Festive,1,1,12,986192.78,219977.24,531781.69,415978.14,448086.01,484466.69,246214.65,129873.4,179108.8,1295155.4,496.51,5.22,102.28,15108,7501273.08,14365,2666713.08,152,4532532.66,462451.87,792679.28,994589.54,918412.7,1468864.17,408003.31,154769.31,254991.46,0.8400665927505809,0.6370511454322889,0.5557198722854437,0.7503266627556673,0.744615724683095,0.737492461344315,0.6428549796865085,0.6178522529266195,0.6029872950129584
2024-12-08,2024,12,49,4,Festive,1,0,0,955070.85,254342.84,622323.74,387239.62,405177.39,413031.12,247966.67,81958.61,136457.0,1313773.86,470.3,5.73,99.26,15178,7138213.4,13822,2281253.4,153,4581096.98,485568.77,860127.52,983993.35,910304.37,1441236.04,411167.99,112912.47,225704.01,0.8422027852298257,0.6515819188254192,0.591652412637662,0.7471024134297701,0.7420780009034208,0.7311953824718876,0.6449809055853435,0.5333471743299917,0.5674662994468637
2024-12-15,2024,12,50,4,Festive,1,0,0,1049167.11,200884.54,605584.85,341668.35,403170.48,487063.68,198434.86,104333.77,81139.45,1379235.9,520.96,5.77,100.54,14312,7455979.52,13160,2876139.52,154,4714044.69,443668.93,863623.11,932064.36,903837.89,1495928.91,362902.06,126916.26,160135.85,0.8478222509667867,0.6244981580189437,0.5934150109992236,0.7303639788796353,0.7400259922636921,0.7434569825840438,0.609974846387988,0.5651753140209822,0.4649771479058394
2024-12-22,2024,12,51,4,Festive,1,0,0,972197.19,229334.06,466100.6,387568.27,414505.99,534911.25,179574.33,73172.66,161087.33,1294909.07,493.29,5.66,102.06,14539,7171943.31,13124,2519463.31,155,4743432.94,451168.52,725187.53,946806.88,911616.83,1582061.48,324735.15,98555.91,217134.88,0.8490211095862144,0.6295941221563595,0.5159021118305842,0.7352801085722163,0.7424914180124487,0.7611842080992407,0.5778268725922477,0.4959998845710607,0.556032220413023
